Algorithm,max_clusters,max_iterations,distance_metric,Repetition,ARI,NMI,DBI,Silhouette,CHS,Time,Predicted k
"XMeans(max_clusters=20, max_iterations=10, distance_metric=euclidean)_0",20,10,euclidean,0,0.060580110173176306,0.14688781506514606,2.209333029668596,0.13303665486943275,26.315951454339306,0.007335662841796875,3
"XMeans(max_clusters=20, max_iterations=10, distance_metric=euclidean)_1",20,10,euclidean,1,0.05296977260207394,0.11822349125475472,1.713856430756073,0.16214494154021378,13.939127257996619,0.05250740051269531,13
"XMeans(max_clusters=20, max_iterations=10, distance_metric=euclidean)_2",20,10,euclidean,2,0.04625509466515477,0.13235456337578125,1.5883174095613168,0.16980389019541303,13.68292482887107,0.05083465576171875,15
"XMeans(max_clusters=20, max_iterations=10, distance_metric=euclidean)_3",20,10,euclidean,3,0.040607186745852876,0.13593206038272587,1.5877768439142694,0.14206570365224006,12.762848556104334,0.05394792556762695,14
"XMeans(max_clusters=20, max_iterations=10, distance_metric=euclidean)_4",20,10,euclidean,4,0.23165894259680214,0.1916060146269209,2.000285072724243,0.2048356372869558,36.40839980146401,0.003113985061645508,2
"XMeans(max_clusters=20, max_iterations=10, distance_metric=euclidean)_5",20,10,euclidean,5,0.03883218610548174,0.11856144002741657,1.8133589445653295,0.14688519968575328,14.765717590811185,0.05027937889099121,10
"XMeans(max_clusters=20, max_iterations=10, distance_metric=euclidean)_6",20,10,euclidean,6,0.03606834110246613,0.12002168119364306,1.5682323471901913,0.18512635151473733,13.19826664227329,0.07340836524963379,17
"XMeans(max_clusters=20, max_iterations=10, distance_metric=euclidean)_7",20,10,euclidean,7,0.18688757544884904,0.11893159813294939,2.261488215136969,0.1888832650928888,26.134375655679072,0.008415937423706055,3
"XMeans(max_clusters=20, max_iterations=10, distance_metric=euclidean)_8",20,10,euclidean,8,0.05520329650835896,0.12978646901150992,1.8273681254770473,0.15933224401648996,13.656177623889194,0.06459259986877441,12
"XMeans(max_clusters=20, max_iterations=10, distance_metric=euclidean)_9",20,10,euclidean,9,0.03315399512332354,0.14052959628851097,1.7445184774446054,0.06004604006683995,12.899344379096892,0.05962777137756348,13
"XMeans(max_clusters=20, max_iterations=10, distance_metric=euclidean)_10",20,10,euclidean,10,0.04068286587838431,0.1279254120236367,1.7119805050730128,0.16360959996250682,14.747768559286532,0.06358146667480469,13
"XMeans(max_clusters=20, max_iterations=10, distance_metric=euclidean)_11",20,10,euclidean,11,0.05576375428254328,0.12413245487770892,1.7620589932059978,0.15024980501166807,12.629214684421001,0.06010937690734863,15
"XMeans(max_clusters=20, max_iterations=10, distance_metric=euclidean)_12",20,10,euclidean,12,0.0295456994018516,0.13127611723095123,1.7955744063954135,0.09316795140528625,12.648403471236845,0.06410002708435059,13
"XMeans(max_clusters=20, max_iterations=10, distance_metric=euclidean)_13",20,10,euclidean,13,0.08112516464680493,0.10992415051716298,2.072199566226313,0.17213767487499046,20.846078308600603,0.015104532241821289,5
"XMeans(max_clusters=20, max_iterations=10, distance_metric=euclidean)_14",20,10,euclidean,14,0.13374877318410477,0.13940140372212778,2.1473291622022725,0.17593796257537975,27.17126519672753,0.00804901123046875,3
"XMeans(max_clusters=20, max_iterations=10, distance_metric=euclidean)_15",20,10,euclidean,15,0.03727031738839812,0.12368151485020538,1.6598104121957427,0.1557928350279063,13.237801969201291,0.06546592712402344,14
"XMeans(max_clusters=20, max_iterations=10, distance_metric=euclidean)_16",20,10,euclidean,16,0.022908152022373778,0.11301303703791102,1.6745287091222851,0.15535572183370422,12.915723609030588,0.06108999252319336,16
"XMeans(max_clusters=20, max_iterations=10, distance_metric=euclidean)_17",20,10,euclidean,17,0.044136784784574515,0.1498780965443027,1.7422594615838278,0.15594049486802727,14.0724587880643,0.0639655590057373,13
"XMeans(max_clusters=20, max_iterations=10, distance_metric=euclidean)_18",20,10,euclidean,18,0.05587652292466834,0.14709096371915023,1.7713014466372154,0.17478357671654113,15.199613306444133,0.0542142391204834,12
"XMeans(max_clusters=20, max_iterations=10, distance_metric=euclidean)_19",20,10,euclidean,19,0.04676873732547518,0.12779774776594677,1.708387943793296,0.17309340794823264,13.950819901822202,0.05863642692565918,14
"XMeans(max_clusters=20, max_iterations=10, distance_metric=manhattan)_0",20,10,manhattan,0,0.3261081600300073,0.21850159450510945,1.97281818798241,0.21042870096172145,34.35988184144361,0.00403594970703125,2
"XMeans(max_clusters=20, max_iterations=10, distance_metric=manhattan)_1",20,10,manhattan,1,0.06854114965859537,0.1176146541251699,1.8326269404323299,0.15153803488884807,12.825349549405596,0.05966043472290039,12
"XMeans(max_clusters=20, max_iterations=10, distance_metric=manhattan)_2",20,10,manhattan,2,0.16303438465306427,0.1486555881280225,2.0703886446831277,0.17445010356946591,19.181707622813978,0.016999483108520508,5
"XMeans(max_clusters=20, max_iterations=10, distance_metric=manhattan)_3",20,10,manhattan,3,0.21824146968737515,0.14776228966738653,2.008513592370808,0.17986055777332283,22.836372235052554,0.01199793815612793,4
"XMeans(max_clusters=20, max_iterations=10, distance_metric=manhattan)_4",20,10,manhattan,4,0.3261081600300073,0.21850159450510945,1.97281818798241,0.21042870096172145,34.35988184144361,0.003952741622924805,2
"XMeans(max_clusters=20, max_iterations=10, distance_metric=manhattan)_5",20,10,manhattan,5,0.18193623229335265,0.13083864673585383,1.9073251037732082,0.174408068157662,18.189441112249902,0.022513151168823242,6
"XMeans(max_clusters=20, max_iterations=10, distance_metric=manhattan)_6",20,10,manhattan,6,0.3261081600300073,0.21850159450510945,1.97281818798241,0.21042870096172145,34.35988184144361,0.003998517990112305,2
"XMeans(max_clusters=20, max_iterations=10, distance_metric=manhattan)_7",20,10,manhattan,7,0.238133766469892,0.17686645255716563,1.8982729999661476,0.18222534290461603,23.69003056584119,0.012999296188354492,4
"XMeans(max_clusters=20, max_iterations=10, distance_metric=manhattan)_8",20,10,manhattan,8,0.3261081600300073,0.21850159450510945,1.97281818798241,0.21042870096172145,34.35988184144361,0.002985239028930664,2
"XMeans(max_clusters=20, max_iterations=10, distance_metric=manhattan)_9",20,10,manhattan,9,0.31919744975775977,0.2278030783530811,2.0955708966753743,0.1968807697211361,24.75559170491234,0.008998870849609375,3
"XMeans(max_clusters=20, max_iterations=10, distance_metric=manhattan)_10",20,10,manhattan,10,0.33050329631047415,0.23316064016508606,1.9847573477096412,0.20987647173623292,34.70308162467043,0.003998994827270508,2
"XMeans(max_clusters=20, max_iterations=10, distance_metric=manhattan)_11",20,10,manhattan,11,0.35487391203318674,0.23587476169931992,2.0024986397386315,0.20655064001308981,32.698772168602716,0.004999876022338867,2
"XMeans(max_clusters=20, max_iterations=10, distance_metric=manhattan)_12",20,10,manhattan,12,0.3261081600300073,0.21850159450510945,1.97281818798241,0.21042870096172145,34.35988184144361,0.009011030197143555,2
"XMeans(max_clusters=20, max_iterations=10, distance_metric=manhattan)_13",20,10,manhattan,13,0.12654142951532682,0.16090237694516335,1.961523004187536,0.1471748290425941,17.620260475875284,0.03199434280395508,7
"XMeans(max_clusters=20, max_iterations=10, distance_metric=manhattan)_14",20,10,manhattan,14,0.22549180649585976,0.1872234531015526,2.045176404322772,0.17841995882829872,21.652505281731344,0.015138626098632812,4
"XMeans(max_clusters=20, max_iterations=10, distance_metric=manhattan)_15",20,10,manhattan,15,0.2517703578520911,0.19574076635035817,2.2291282641123473,0.18526591449283247,26.481330174022112,0.008899927139282227,3
"XMeans(max_clusters=20, max_iterations=10, distance_metric=manhattan)_16",20,10,manhattan,16,0.10661413103243433,0.11136778747792545,2.0652078455940477,0.1740713960859013,17.499743020054737,0.03031134605407715,7
"XMeans(max_clusters=20, max_iterations=10, distance_metric=manhattan)_17",20,10,manhattan,17,0.0710493296595789,0.12199215477362232,1.7873031234239463,0.15922362887345007,13.982134163535754,0.07274913787841797,13
"XMeans(max_clusters=20, max_iterations=10, distance_metric=manhattan)_18",20,10,manhattan,18,0.1775827839166914,0.13574194904066375,1.7981312982322843,0.1674046480637811,16.574997281459687,0.035752058029174805,7
"XMeans(max_clusters=20, max_iterations=10, distance_metric=manhattan)_19",20,10,manhattan,19,0.15435733544155103,0.0625266885295395,2.1148024372529437,0.18742908751185983,26.737479846782325,0.004211902618408203,2
"XMeans(max_clusters=20, max_iterations=10, distance_metric=clark)_0",20,10,clark,0,0.316587017862774,0.22501066592091995,2.138040532909045,0.19016954608680633,30.274372763274524,0.007181882858276367,2
"XMeans(max_clusters=20, max_iterations=10, distance_metric=clark)_1",20,10,clark,1,0.04522568413824708,0.1622284391644153,2.1340204127274887,0.1372896811183674,19.702016448594467,0.01951909065246582,3
"XMeans(max_clusters=20, max_iterations=10, distance_metric=clark)_2",20,10,clark,2,0.23523268321835222,0.18461385521692567,2.4846975574586483,0.17710604254923656,24.49702985322192,0.0161283016204834,3
"XMeans(max_clusters=20, max_iterations=10, distance_metric=clark)_3",20,10,clark,3,0.25024198764090627,0.19047918109105172,2.450791806265873,0.18123417328381333,24.800062921252884,0.01565837860107422,3
"XMeans(max_clusters=20, max_iterations=10, distance_metric=clark)_4",20,10,clark,4,0.27690310787266387,0.20241192055012353,2.1368670366319504,0.1904984720154376,31.02373702144138,0.00846099853515625,2
"XMeans(max_clusters=20, max_iterations=10, distance_metric=clark)_5",20,10,clark,5,0.15290250204042682,0.06939347013506567,1.7580359280027162,0.11452163810018783,13.049183968265606,0.026795387268066406,3
"XMeans(max_clusters=20, max_iterations=10, distance_metric=clark)_6",20,10,clark,6,0.25024198764090627,0.19047918109105172,2.450791806265873,0.18123417328381333,24.800062921252884,0.014342308044433594,3
"XMeans(max_clusters=20, max_iterations=10, distance_metric=clark)_7",20,10,clark,7,0.2678480085186429,0.2113364612216235,2.1370174378514846,0.18812850913554843,31.463282034579148,0.006158351898193359,2
"XMeans(max_clusters=20, max_iterations=10, distance_metric=clark)_8",20,10,clark,8,0.27690310787266387,0.2024119205501235,2.1368670366319504,0.1904984720154376,31.02373702144138,0.006220579147338867,2
"XMeans(max_clusters=20, max_iterations=10, distance_metric=clark)_9",20,10,clark,9,0.2935312469533002,0.2256859304885301,2.1164882376903416,0.19210376455587047,31.75791068163255,0.010493755340576172,2
"XMeans(max_clusters=20, max_iterations=10, distance_metric=clark)_10",20,10,clark,10,0.316587017862774,0.22501066592091995,2.138040532909045,0.19016954608680633,30.274372763274524,0.007333993911743164,2
"XMeans(max_clusters=20, max_iterations=10, distance_metric=clark)_11",20,10,clark,11,0.27690310787266387,0.2024119205501235,2.1368670366319504,0.1904984720154376,31.02373702144138,0.008337259292602539,2
"XMeans(max_clusters=20, max_iterations=10, distance_metric=clark)_12",20,10,clark,12,0.23523268321835222,0.18461385521692567,2.4846975574586483,0.17710604254923656,24.49702985322192,0.011452198028564453,3
"XMeans(max_clusters=20, max_iterations=10, distance_metric=clark)_13",20,10,clark,13,0.31186850458065524,0.1688533987672726,2.085072627127223,0.1888600739438133,26.163079074171648,0.014773130416870117,2
"XMeans(max_clusters=20, max_iterations=10, distance_metric=clark)_14",20,10,clark,14,0.2935312469533002,0.2256859304885301,2.1164882376903416,0.19210376455587047,31.75791068163255,0.007376909255981445,2
"XMeans(max_clusters=20, max_iterations=10, distance_metric=clark)_15",20,10,clark,15,0.2935312469533002,0.2256859304885301,2.1164882376903416,0.19210376455587047,31.75791068163255,0.0062024593353271484,2
"XMeans(max_clusters=20, max_iterations=10, distance_metric=clark)_16",20,10,clark,16,0.37443207719953125,0.2597610292162763,2.1443872143502083,0.18882847448913542,28.843127480145846,0.007217884063720703,2
"XMeans(max_clusters=20, max_iterations=10, distance_metric=clark)_17",20,10,clark,17,0.27690310787266387,0.2024119205501235,2.1368670366319504,0.1904984720154376,31.02373702144138,0.007788658142089844,2
"XMeans(max_clusters=20, max_iterations=10, distance_metric=clark)_18",20,10,clark,18,0.3519083061522778,0.17826861179011844,2.153874399748849,0.16765877730232182,18.589522776032805,0.013467073440551758,3
"XMeans(max_clusters=20, max_iterations=10, distance_metric=clark)_19",20,10,clark,19,0.23523268321835222,0.18461385521692567,2.4846975574586483,0.17710604254923656,24.49702985322192,0.01204228401184082,3
"XMeans(max_clusters=20, max_iterations=20, distance_metric=euclidean)_0",20,20,euclidean,0,0.03126762398058771,0.14059582761100622,1.4843914105697138,0.16794977163739372,11.711454544947344,0.07688426971435547,20
"XMeans(max_clusters=20, max_iterations=20, distance_metric=euclidean)_1",20,20,euclidean,1,0.03160726105190407,0.12758726204541337,1.5334657806824417,0.16986216234668883,12.131426660767344,0.10464000701904297,19
"XMeans(max_clusters=20, max_iterations=20, distance_metric=euclidean)_2",20,20,euclidean,2,0.04628223959456533,0.12138416552714212,1.6066711279593213,0.06797401111045666,12.128787074471779,0.14295291900634766,16
"XMeans(max_clusters=20, max_iterations=20, distance_metric=euclidean)_3",20,20,euclidean,3,0.022383739275080607,0.11081195768449612,1.4602242633327873,0.1258939239273514,11.231845782488623,0.15225887298583984,20
"XMeans(max_clusters=20, max_iterations=20, distance_metric=euclidean)_4",20,20,euclidean,4,0.17417637022490456,0.1572036079756001,2.1817434199435013,0.14370908839703597,18.93415450454622,0.020975589752197266,5
"XMeans(max_clusters=20, max_iterations=20, distance_metric=euclidean)_5",20,20,euclidean,5,0.10012122077358965,0.15738037288957557,2.2565546315820875,0.15750775627053407,27.27540109148969,0.012704610824584961,3
"XMeans(max_clusters=20, max_iterations=20, distance_metric=euclidean)_6",20,20,euclidean,6,0.037305488933833966,0.11938396377648393,1.5090758640881705,0.17148956774890967,11.482534984694952,0.12282037734985352,20
"XMeans(max_clusters=20, max_iterations=20, distance_metric=euclidean)_7",20,20,euclidean,7,0.07202244593334899,0.14374127739893044,2.314110281612066,0.1295707532473308,25.907403429306115,0.010257959365844727,3
"XMeans(max_clusters=20, max_iterations=20, distance_metric=euclidean)_8",20,20,euclidean,8,0.029770052045617956,0.13398765182178057,1.501530390550123,0.13127397302223517,11.296690311005818,0.09920549392700195,18
"XMeans(max_clusters=20, max_iterations=20, distance_metric=euclidean)_9",20,20,euclidean,9,0.015766032060037804,0.11170838606636929,1.7669743268603328,0.10107526021097553,11.368078311953878,0.09241223335266113,18
"XMeans(max_clusters=20, max_iterations=20, distance_metric=euclidean)_10",20,20,euclidean,10,0.02057753360080281,0.09940546374333645,1.61228888537727,0.14991209949570425,10.798869780264363,0.10134577751159668,19
"XMeans(max_clusters=20, max_iterations=20, distance_metric=euclidean)_11",20,20,euclidean,11,0.02109293276968801,0.11285394471534661,1.551985779700629,0.1262461418609386,12.272232282996285,0.09457206726074219,20
"XMeans(max_clusters=20, max_iterations=20, distance_metric=euclidean)_12",20,20,euclidean,12,0.028238766317710502,0.1287080262052402,1.655208147896135,0.09010284795909872,11.945347488775203,0.13634014129638672,18
"XMeans(max_clusters=20, max_iterations=20, distance_metric=euclidean)_13",20,20,euclidean,13,0.1502892999645793,0.18282461167903094,1.9954342609531392,0.1951277729097164,36.7650490993057,0.004183769226074219,2
"XMeans(max_clusters=20, max_iterations=20, distance_metric=euclidean)_14",20,20,euclidean,14,0.03832556269336925,0.12548437327553966,1.4612624739543731,0.17040059724043602,12.429294066801361,0.11515998840332031,18
"XMeans(max_clusters=20, max_iterations=20, distance_metric=euclidean)_15",20,20,euclidean,15,0.13806577307916335,0.11176315171279172,2.135881654135107,0.18441909802509301,28.570068100798718,0.008001327514648438,3
"XMeans(max_clusters=20, max_iterations=20, distance_metric=euclidean)_16",20,20,euclidean,16,0.015837258335525538,0.12251609935684613,1.6124055931858547,0.16824611005606352,11.592041204215834,0.10655665397644043,19
"XMeans(max_clusters=20, max_iterations=20, distance_metric=euclidean)_17",20,20,euclidean,17,0.024976625464144607,0.10723133502407915,1.6241793785489733,0.14362743790185659,11.073722361428073,0.10021471977233887,19
"XMeans(max_clusters=20, max_iterations=20, distance_metric=euclidean)_18",20,20,euclidean,18,0.03791655080635901,0.15568980295251242,1.629303588103787,0.15268059742270723,11.995879774594888,0.09721612930297852,17
"XMeans(max_clusters=20, max_iterations=20, distance_metric=euclidean)_19",20,20,euclidean,19,0.06729116359797513,0.08506023767380248,2.135998131971985,0.1802203318298782,22.948730043183847,0.01299595832824707,4
"XMeans(max_clusters=20, max_iterations=20, distance_metric=manhattan)_0",20,20,manhattan,0,0.22360928051396836,0.17564699807026485,1.9133740406573942,0.1815894440085755,20.682061975174182,0.018300294876098633,5
"XMeans(max_clusters=20, max_iterations=20, distance_metric=manhattan)_1",20,20,manhattan,1,0.05830706159931308,0.16217714340210254,1.5867578641406899,0.16783577994732699,12.085073234627211,0.11375999450683594,19
"XMeans(max_clusters=20, max_iterations=20, distance_metric=manhattan)_2",20,20,manhattan,2,0.06945309846311017,0.10644938041725568,1.8294251808219806,0.15072840808341095,13.674353173048324,0.05748581886291504,11
"XMeans(max_clusters=20, max_iterations=20, distance_metric=manhattan)_3",20,20,manhattan,3,0.22067713002325912,0.152701083796316,1.7976689725823924,0.17984295286599647,20.611139282973586,0.016379117965698242,5
"XMeans(max_clusters=20, max_iterations=20, distance_metric=manhattan)_4",20,20,manhattan,4,0.11335950369412306,0.120310808951817,2.0070842746678066,0.14923617751907042,17.36302746255621,0.025994539260864258,7
"XMeans(max_clusters=20, max_iterations=20, distance_metric=manhattan)_5",20,20,manhattan,5,0.3261081600300073,0.21850159450510945,1.97281818798241,0.21042870096172145,34.35988184144361,0.0029566287994384766,2
"XMeans(max_clusters=20, max_iterations=20, distance_metric=manhattan)_6",20,20,manhattan,6,0.03620242022689975,0.11287902505499312,1.5138800504684293,0.17676128839804295,11.72084796499372,0.08936023712158203,19
"XMeans(max_clusters=20, max_iterations=20, distance_metric=manhattan)_7",20,20,manhattan,7,0.35487391203318674,0.23587476169931992,2.0024986397386315,0.20655064001308981,32.698772168602716,0.003947257995605469,2
"XMeans(max_clusters=20, max_iterations=20, distance_metric=manhattan)_8",20,20,manhattan,8,0.24141893733119327,0.1613776378083587,2.113952738734987,0.17772004502645955,22.498148527709485,0.013684988021850586,4
"XMeans(max_clusters=20, max_iterations=20, distance_metric=manhattan)_9",20,20,manhattan,9,0.18539858412311339,0.15826993645072737,1.916010291886573,0.16063707855953638,15.990110752736124,0.028784513473510742,7
"XMeans(max_clusters=20, max_iterations=20, distance_metric=manhattan)_10",20,20,manhattan,10,0.06221891506894816,0.12707966164840787,1.7559711705254548,0.15765975954279549,14.5697738243427,0.04660797119140625,11
"XMeans(max_clusters=20, max_iterations=20, distance_metric=manhattan)_11",20,20,manhattan,11,0.3029924716521948,0.17658112028054776,2.178765694995367,0.19265236094181817,24.1359171781609,0.009163618087768555,3
"XMeans(max_clusters=20, max_iterations=20, distance_metric=manhattan)_12",20,20,manhattan,12,0.06306272559709011,0.12460118893997264,1.6138322337003508,0.16542624262787745,10.846249078338227,0.11902642250061035,20
"XMeans(max_clusters=20, max_iterations=20, distance_metric=manhattan)_13",20,20,manhattan,13,0.2220960674011143,0.1760523625107507,1.887514498581659,0.17103096535305445,20.56496612466808,0.015330314636230469,5
"XMeans(max_clusters=20, max_iterations=20, distance_metric=manhattan)_14",20,20,manhattan,14,0.07500456889811569,0.1154505781201398,1.7930380097133294,0.17287443984111614,14.8103824383397,0.053203582763671875,11
"XMeans(max_clusters=20, max_iterations=20, distance_metric=manhattan)_15",20,20,manhattan,15,0.03031594309402037,0.11380086050994885,1.5408686790576416,0.19007747652755527,12.560583976536584,0.10415816307067871,20
"XMeans(max_clusters=20, max_iterations=20, distance_metric=manhattan)_16",20,20,manhattan,16,0.06166369381082468,0.12214266796200882,1.690254216712845,0.16714798498537767,13.34425996725831,0.09161686897277832,14
"XMeans(max_clusters=20, max_iterations=20, distance_metric=manhattan)_17",20,20,manhattan,17,0.03592511850796192,0.13874578096398363,1.5158753757088017,0.18965870564742274,12.340155749913995,0.13767361640930176,20
"XMeans(max_clusters=20, max_iterations=20, distance_metric=manhattan)_18",20,20,manhattan,18,0.3261081600300073,0.21850159450510945,1.97281818798241,0.21042870096172145,34.35988184144361,0.0030908584594726562,2
"XMeans(max_clusters=20, max_iterations=20, distance_metric=manhattan)_19",20,20,manhattan,19,0.34477712430557905,0.2416530902989546,1.9821923890901056,0.21007314879125022,34.44555262195718,0.0029981136322021484,2
"XMeans(max_clusters=20, max_iterations=20, distance_metric=clark)_0",20,20,clark,0,0.24341893079173016,0.19796071019694716,2.124163560229438,0.1891941382949839,32.166729560037254,0.004954814910888672,2
"XMeans(max_clusters=20, max_iterations=20, distance_metric=clark)_1",20,20,clark,1,0.2935312469533002,0.22568593048853006,2.1164882376903416,0.19210376455587047,31.75791068163255,0.006150722503662109,2
"XMeans(max_clusters=20, max_iterations=20, distance_metric=clark)_2",20,20,clark,2,0.27690310787266387,0.2024119205501235,2.1368670366319504,0.1904984720154376,31.02373702144138,0.00599980354309082,2
"XMeans(max_clusters=20, max_iterations=20, distance_metric=clark)_3",20,20,clark,3,0.22019411046208012,0.18545822623516206,2.1300703779236927,0.18725375887182694,32.19123896732176,0.006944417953491211,2
"XMeans(max_clusters=20, max_iterations=20, distance_metric=clark)_4",20,20,clark,4,0.27690310787266387,0.2024119205501235,2.1368670366319504,0.1904984720154376,31.02373702144138,0.006963491439819336,2
"XMeans(max_clusters=20, max_iterations=20, distance_metric=clark)_5",20,20,clark,5,0.20261997619636335,0.1686794122176692,2.529382840679001,0.14487586180497938,19.408264297515597,0.01924872398376465,4
"XMeans(max_clusters=20, max_iterations=20, distance_metric=clark)_6",20,20,clark,6,0.1941242539539535,0.09301738623266328,1.827000375492333,0.1515051481339092,12.388450774025596,0.01324009895324707,3
"XMeans(max_clusters=20, max_iterations=20, distance_metric=clark)_7",20,20,clark,7,0.27690310787266387,0.2024119205501235,2.1368670366319504,0.1904984720154376,31.02373702144138,0.006216287612915039,2
"XMeans(max_clusters=20, max_iterations=20, distance_metric=clark)_8",20,20,clark,8,0.24054270307079115,0.23919954719964331,2.289877369505294,0.1619494926229027,24.734229428180644,0.011996030807495117,3
"XMeans(max_clusters=20, max_iterations=20, distance_metric=clark)_9",20,20,clark,9,0.2663364544513687,0.19688428887395185,2.3970346076475377,0.180673234773715,24.46510878555073,0.01299738883972168,3
"XMeans(max_clusters=20, max_iterations=20, distance_metric=clark)_10",20,20,clark,10,0.27690310787266387,0.20241192055012353,2.1368670366319504,0.1904984720154376,31.02373702144138,0.005188703536987305,2
"XMeans(max_clusters=20, max_iterations=20, distance_metric=clark)_11",20,20,clark,11,0.27690310787266387,0.20241192055012353,2.1368670366319504,0.1904984720154376,31.02373702144138,0.006993293762207031,2
"XMeans(max_clusters=20, max_iterations=20, distance_metric=clark)_12",20,20,clark,12,0.23523268321835222,0.18461385521692567,2.4846975574586483,0.17710604254923656,24.49702985322192,0.012476682662963867,3
"XMeans(max_clusters=20, max_iterations=20, distance_metric=clark)_13",20,20,clark,13,0.05038036937652099,0.13896119725350087,2.259429903269552,0.13759398990192498,19.491555142584655,0.012387275695800781,3
"XMeans(max_clusters=20, max_iterations=20, distance_metric=clark)_14",20,20,clark,14,0.2289428603110047,0.2317337639274019,2.2835327493742565,0.16149072973864784,24.698629126321322,0.011297941207885742,3
"XMeans(max_clusters=20, max_iterations=20, distance_metric=clark)_15",20,20,clark,15,0.21495178531932407,0.2075907928926171,2.2304655103808027,0.15123802546441834,23.418213993793174,0.012483358383178711,3
"XMeans(max_clusters=20, max_iterations=20, distance_metric=clark)_16",20,20,clark,16,0.2935312469533002,0.22568593048853006,2.1164882376903416,0.19210376455587047,31.75791068163255,0.005146503448486328,2
"XMeans(max_clusters=20, max_iterations=20, distance_metric=clark)_17",20,20,clark,17,0.26764885689329815,0.1645628612261283,2.3558137528865464,0.16302788150081204,17.412005614863826,0.02618551254272461,4
"XMeans(max_clusters=20, max_iterations=20, distance_metric=clark)_18",20,20,clark,18,0.1671496713543579,0.16972445910328843,2.379060753699567,0.1600641398881471,24.204840927222147,0.011043071746826172,3
"XMeans(max_clusters=20, max_iterations=20, distance_metric=clark)_19",20,20,clark,19,0.27690310787266387,0.2024119205501235,2.1368670366319504,0.1904984720154376,31.02373702144138,0.0059986114501953125,2
"XMeans(max_clusters=20, max_iterations=50, distance_metric=euclidean)_0",20,50,euclidean,0,0.039438792427377946,0.1321167581170766,1.5903404662446554,0.117321885348126,11.158490804452956,0.11359333992004395,19
"XMeans(max_clusters=20, max_iterations=50, distance_metric=euclidean)_1",20,50,euclidean,1,0.04168574669798085,0.1240668545019145,1.5164739925964736,0.14305245428101335,11.416508006241052,0.08509397506713867,20
"XMeans(max_clusters=20, max_iterations=50, distance_metric=euclidean)_2",20,50,euclidean,2,0.026596152985050758,0.1181887610344379,1.5900670576657814,0.11442461136190041,11.138437396874574,0.0856177806854248,20
"XMeans(max_clusters=20, max_iterations=50, distance_metric=euclidean)_3",20,50,euclidean,3,0.026004991759749334,0.12244428227908948,1.5763485862556286,0.16500079577059326,10.906990991158795,0.10058188438415527,20
"XMeans(max_clusters=20, max_iterations=50, distance_metric=euclidean)_4",20,50,euclidean,4,0.05668663704956727,0.08138398435170385,2.1659495144049634,0.1670184324493932,24.11445172380675,0.011082172393798828,4
"XMeans(max_clusters=20, max_iterations=50, distance_metric=euclidean)_5",20,50,euclidean,5,0.026080305689335365,0.12901183065874375,1.553567712815393,0.17863491873103518,11.319920407545377,0.07574892044067383,20
"XMeans(max_clusters=20, max_iterations=50, distance_metric=euclidean)_6",20,50,euclidean,6,0.100415224508202,0.10392130761838655,2.1893808552310574,0.16061145322710776,28.28977705241566,0.006814718246459961,3
"XMeans(max_clusters=20, max_iterations=50, distance_metric=euclidean)_7",20,50,euclidean,7,0.02994436318541704,0.1287996698568064,1.5694668179253224,0.18801156302273156,12.47367591027912,0.08290362358093262,19
"XMeans(max_clusters=20, max_iterations=50, distance_metric=euclidean)_8",20,50,euclidean,8,0.04039748478351333,0.14412058936601727,1.5074979277411722,0.17485589034244162,12.584280944089963,0.07969164848327637,18
"XMeans(max_clusters=20, max_iterations=50, distance_metric=euclidean)_9",20,50,euclidean,9,0.23165894259680214,0.1916060146269209,2.000285072724243,0.2048356372869558,36.40839980146401,0.004952430725097656,2
"XMeans(max_clusters=20, max_iterations=50, distance_metric=euclidean)_10",20,50,euclidean,10,0.031716887586399754,0.11899426412647116,1.5747432624353732,0.17262622433434352,12.730588748772728,0.06565690040588379,18
"XMeans(max_clusters=20, max_iterations=50, distance_metric=euclidean)_11",20,50,euclidean,11,0.22279556560425937,0.20281783720651053,2.0066576524301825,0.20184478078331358,36.45107032589687,0.003004312515258789,2
"XMeans(max_clusters=20, max_iterations=50, distance_metric=euclidean)_12",20,50,euclidean,12,0.04801433481206845,0.15156820391875453,1.4973862061207495,0.17803314129841447,12.437988418209674,0.07500267028808594,18
"XMeans(max_clusters=20, max_iterations=50, distance_metric=euclidean)_13",20,50,euclidean,13,0.02375055494845732,0.11173809120292567,1.6196990271220784,0.13582871858399226,12.05586381779888,0.08406472206115723,20
"XMeans(max_clusters=20, max_iterations=50, distance_metric=euclidean)_14",20,50,euclidean,14,0.027060993078704635,0.09150322133350715,1.5766459108795743,0.15406208434429924,11.695004202356783,0.07449841499328613,18
"XMeans(max_clusters=20, max_iterations=50, distance_metric=euclidean)_15",20,50,euclidean,15,0.0341241159836676,0.1319259543922428,1.6159969474362132,0.17992090609511918,14.613661008997727,0.04672527313232422,14
"XMeans(max_clusters=20, max_iterations=50, distance_metric=euclidean)_16",20,50,euclidean,16,0.09902305666848008,0.15110441771851213,2.045400351311323,0.1441740146519743,22.24373606626931,0.014408349990844727,5
"XMeans(max_clusters=20, max_iterations=50, distance_metric=euclidean)_17",20,50,euclidean,17,0.034236615674408104,0.1277402015169837,1.5991672585511068,0.17661970531689186,12.844253959242927,0.07273340225219727,17
"XMeans(max_clusters=20, max_iterations=50, distance_metric=euclidean)_18",20,50,euclidean,18,0.06141930416780751,0.14840909079049688,1.8063939410713663,0.1522525338613567,12.673529559458352,0.06400132179260254,15
"XMeans(max_clusters=20, max_iterations=50, distance_metric=euclidean)_19",20,50,euclidean,19,0.020835844167480834,0.10896260868760366,1.6573511921101567,0.12105202420315127,12.369535894841595,0.05999445915222168,15
"XMeans(max_clusters=20, max_iterations=50, distance_metric=manhattan)_0",20,50,manhattan,0,0.0663156845536224,0.12592303221726767,1.7957878521725594,0.16567290080667046,15.722176208258443,0.04831266403198242,10
"XMeans(max_clusters=20, max_iterations=50, distance_metric=manhattan)_1",20,50,manhattan,1,0.029466266887739886,0.11747407974204545,1.496618742170303,0.18405144347438504,12.231758508013675,0.11263132095336914,19
"XMeans(max_clusters=20, max_iterations=50, distance_metric=manhattan)_2",20,50,manhattan,2,0.33050329631047415,0.23316064016508606,1.9847573477096412,0.20987647173623292,34.70308162467043,0.002956867218017578,2
"XMeans(max_clusters=20, max_iterations=50, distance_metric=manhattan)_3",20,50,manhattan,3,0.3261081600300073,0.21850159450510945,1.97281818798241,0.21042870096172145,34.35988184144361,0.0040476322174072266,2
"XMeans(max_clusters=20, max_iterations=50, distance_metric=manhattan)_4",20,50,manhattan,4,0.09439431166295437,0.1604796576052445,1.752516787270113,0.16845342143286296,13.551627190209084,0.06686973571777344,12
"XMeans(max_clusters=20, max_iterations=50, distance_metric=manhattan)_5",20,50,manhattan,5,0.04285705973441641,0.15697734045207923,1.5611738252659475,0.1856012154799505,11.961424108325168,0.11521124839782715,19
"XMeans(max_clusters=20, max_iterations=50, distance_metric=manhattan)_6",20,50,manhattan,6,0.06527052410365534,0.11707562554057824,1.8006337040532971,0.16249715062094297,15.118692208158244,0.05917167663574219,11
"XMeans(max_clusters=20, max_iterations=50, distance_metric=manhattan)_7",20,50,manhattan,7,0.031099715383719244,0.1230683641059757,1.5099477770868812,0.1882323238046372,11.881949412738456,0.15215706825256348,20
"XMeans(max_clusters=20, max_iterations=50, distance_metric=manhattan)_8",20,50,manhattan,8,0.04229046503456178,0.11083506897133619,1.7860074355087967,0.16391760525997862,13.435835413563348,0.10460782051086426,14
"XMeans(max_clusters=20, max_iterations=50, distance_metric=manhattan)_9",20,50,manhattan,9,0.04446468736563709,0.13152244535184662,1.6977866233551195,0.16610962229727202,12.303954092046101,0.1167147159576416,17
"XMeans(max_clusters=20, max_iterations=50, distance_metric=manhattan)_10",20,50,manhattan,10,0.35487391203318674,0.23587476169931992,1.9956280863459244,0.20822376396260084,32.97643713549122,0.002997159957885742,2
"XMeans(max_clusters=20, max_iterations=50, distance_metric=manhattan)_11",20,50,manhattan,11,0.20388503275301498,0.1693989660210361,1.9822951841742835,0.18132605017462003,22.430513243694147,0.012937307357788086,4
"XMeans(max_clusters=20, max_iterations=50, distance_metric=manhattan)_12",20,50,manhattan,12,0.35487391203318674,0.23587476169931992,2.0024986397386315,0.20655064001308981,32.698772168602716,0.0042476654052734375,2
"XMeans(max_clusters=20, max_iterations=50, distance_metric=manhattan)_13",20,50,manhattan,13,0.3698278563168919,0.24516780306044506,1.9995168659895777,0.20654914318179052,32.38461515326208,0.0032606124877929688,2
"XMeans(max_clusters=20, max_iterations=50, distance_metric=manhattan)_14",20,50,manhattan,14,0.2390344837353828,0.18806918408908319,1.9997057049922913,0.17881505642107814,23.320467795177798,0.013624191284179688,4
"XMeans(max_clusters=20, max_iterations=50, distance_metric=manhattan)_15",20,50,manhattan,15,0.13763122300352626,0.1268745405897708,2.03987543811529,0.17613319757210644,20.940753974306908,0.01653003692626953,5
"XMeans(max_clusters=20, max_iterations=50, distance_metric=manhattan)_16",20,50,manhattan,16,0.3261081600300073,0.21850159450510945,1.97281818798241,0.21042870096172145,34.35988184144361,0.0032091140747070312,2
"XMeans(max_clusters=20, max_iterations=50, distance_metric=manhattan)_17",20,50,manhattan,17,0.34477712430557905,0.2416530902989546,1.9821923890901056,0.21007314879125022,34.44555262195718,0.005312681198120117,2
"XMeans(max_clusters=20, max_iterations=50, distance_metric=manhattan)_18",20,50,manhattan,18,0.24370204060564693,0.15597008832778358,2.099860851204808,0.18413465512350852,21.196998711538136,0.014014482498168945,4
"XMeans(max_clusters=20, max_iterations=50, distance_metric=manhattan)_19",20,50,manhattan,19,0.0417262903082599,0.13528406008725494,1.5492473310256827,0.18542443878649537,11.833256682710855,0.12743806838989258,20
"XMeans(max_clusters=20, max_iterations=50, distance_metric=clark)_0",20,50,clark,0,0.24260388852850315,0.18748291195714628,2.458274149853786,0.18006096516383469,24.76932655648604,0.013473272323608398,3
"XMeans(max_clusters=20, max_iterations=50, distance_metric=clark)_1",20,50,clark,1,0.1398718694657019,0.11403288195034263,2.476721881742643,0.13146607148813844,20.959643649408676,0.018153667449951172,3
"XMeans(max_clusters=20, max_iterations=50, distance_metric=clark)_2",20,50,clark,2,0.23523268321835222,0.18461385521692567,2.4846975574586483,0.17710604254923656,24.49702985322192,0.02303624153137207,3
"XMeans(max_clusters=20, max_iterations=50, distance_metric=clark)_3",20,50,clark,3,0.18215433758744623,0.1928721355739581,2.335005619555872,0.008468567932905704,19.01863999461144,0.023626327514648438,3
"XMeans(max_clusters=20, max_iterations=50, distance_metric=clark)_4",20,50,clark,4,0.27690310787266387,0.20241192055012353,2.1368670366319504,0.1904984720154376,31.02373702144138,0.00622105598449707,2
"XMeans(max_clusters=20, max_iterations=50, distance_metric=clark)_5",20,50,clark,5,0.2935312469533002,0.22568593048853006,2.1164882376903416,0.19210376455587047,31.75791068163255,0.008151054382324219,2
"XMeans(max_clusters=20, max_iterations=50, distance_metric=clark)_6",20,50,clark,6,0.10333575900503816,0.15546872210543533,2.837505454072734,0.11393709327725073,20.29830809967483,0.03237175941467285,3
"XMeans(max_clusters=20, max_iterations=50, distance_metric=clark)_7",20,50,clark,7,0.2935312469533002,0.2256859304885301,2.1164882376903416,0.19210376455587047,31.75791068163255,0.008250713348388672,2
"XMeans(max_clusters=20, max_iterations=50, distance_metric=clark)_8",20,50,clark,8,0.2748021653535218,0.20031049153532535,2.368647718826919,0.1868105946183862,25.011831932048292,0.015832185745239258,3
"XMeans(max_clusters=20, max_iterations=50, distance_metric=clark)_9",20,50,clark,9,0.2825431306440534,0.21566876993579925,2.509795913467139,0.17755431396892365,24.122169115428346,0.015551567077636719,3
"XMeans(max_clusters=20, max_iterations=50, distance_metric=clark)_10",20,50,clark,10,0.3524393915882543,0.18843429263932965,2.2573290765178182,0.16449188636526327,16.39976274411943,0.026677608489990234,3
"XMeans(max_clusters=20, max_iterations=50, distance_metric=clark)_11",20,50,clark,11,0.2678480085186429,0.21133646122162353,2.1370174378514846,0.18812850913554843,31.463282034579148,0.007479190826416016,2
"XMeans(max_clusters=20, max_iterations=50, distance_metric=clark)_12",20,50,clark,12,0.19580089722905122,0.14165689849168908,2.392419526476959,0.1648880294092466,20.77206598853096,0.02147841453552246,4
"XMeans(max_clusters=20, max_iterations=50, distance_metric=clark)_13",20,50,clark,13,-0.002863429406766055,0.127342047088481,2.845264977689086,0.11917068809348191,18.064053201423423,0.02446293830871582,3
"XMeans(max_clusters=20, max_iterations=50, distance_metric=clark)_14",20,50,clark,14,0.27690310787266387,0.20241192055012353,2.1368670366319504,0.1904984720154376,31.02373702144138,0.0061779022216796875,2
"XMeans(max_clusters=20, max_iterations=50, distance_metric=clark)_15",20,50,clark,15,0.3643052673340644,0.19769001841713868,2.090439712815736,0.17912745060731203,19.8903441920456,0.013207674026489258,2
"XMeans(max_clusters=20, max_iterations=50, distance_metric=clark)_16",20,50,clark,16,0.24260388852850315,0.18748291195714634,2.458274149853786,0.18006096516383469,24.769326556486032,0.013471364974975586,3
"XMeans(max_clusters=20, max_iterations=50, distance_metric=clark)_17",20,50,clark,17,0.37443207719953125,0.2597610292162763,2.1443872143502083,0.18882847448913542,28.843127480145846,0.00717616081237793,2
"XMeans(max_clusters=20, max_iterations=50, distance_metric=clark)_18",20,50,clark,18,0.27690310787266387,0.20241192055012353,2.1368670366319504,0.1904984720154376,31.02373702144138,0.007262229919433594,2
"XMeans(max_clusters=20, max_iterations=50, distance_metric=clark)_19",20,50,clark,19,0.2471076412742127,0.23714878351292645,2.3802472810312287,0.163319790977219,24.36931938304503,0.01226353645324707,3
